{"cameraMode":{"drawMode":0,"name":"Shaded","section":"Shading Mode"},"sceneLighting":true,"audioPlay":false,"sceneViewState":{"m_AlwaysRefresh":false,"showFog":true,"showSkybox":true,"showFlares":true,"showImageEffects":true,"showParticleSystems":true,"showVisualEffectGraphs":true,"m_FxEnabled":true},"in2DMode":false,"pivot":{"x":-0.059946782886981967,"y":0.07665844261646271,"z":0.6335703730583191},"rotation":{"x":0.00441751116886735,"y":0.9685820937156677,"z":-0.2481556385755539,"w":0.01743389666080475},"size":0.09440214186906815,"orthographic":false}